{
  "direction": {
    "logistic": {
      "overall": 0.7888888888888889,
      "appreciable": 0.9988888888888889
    },
    "mlp": {
      "overall": 0.7603703703703704,
      "appreciable": 1.0
    },
    "skip_mlp": {
      "overall": 0.7633333333333333,
      "appreciable": 0.9988888888888889
    },
    "linear_init_mlp": {
      "overall": 0.7544444444444445,
      "appreciable": 0.9966666666666667
    },
    "reg_mlp": {
      "overall": 0.7607407407407407,
      "appreciable": 0.9977777777777778
    }
  },
  "magnitude": {
    "ridge": {
      "appreciable": {
        "MRE": 0.9595731673884197,
        "median": 0.525075889042006,
        "spearman": 0.6756379745221233
      },
      "all": {
        "MRE": 3.318531956824745,
        "median": 0.7147671797069037,
        "spearman": 0.8490225204836008
      }
    },
    "mlp": {
      "appreciable": {
        "MRE": 0.3868646600504985,
        "median": 0.3084580166844161,
        "spearman": 0.6993686460275433
      },
      "all": {
        "MRE": 2.7656142281949205,
        "median": 0.5918201252455884,
        "spearman": 0.8707009431104492
      }
    },
    "skip_mlp": {
      "appreciable": {
        "MRE": 0.3857749203219531,
        "median": 0.2982020010728088,
        "spearman": 0.7017358373497264
      },
      "all": {
        "MRE": 2.87930895915656,
        "median": 0.5748529790435477,
        "spearman": 0.8688874679455889
      }
    },
    "hgb": {
      "appreciable": {
        "MRE": 0.2935528816657011,
        "median": 0.2286219782592443,
        "spearman": 0.7462032759536704
      },
      "all": {
        "MRE": 3.080174027849186,
        "median": 0.5118521022752757,
        "spearman": 0.8654185984505767
      }
    }
  },
  "_n_direction": 2700,
  "_n_appreciable": 900
}